{
    "mean": [
        0.0019991831645580073,
        -0.002391728203166169,
        -0.000541952078379839,
        0.006878917664045225,
        -2.301720678347116e-05,
        -0.005082029663136245,
        -0.0005268769635245645,
        4.794552725383906e-05,
        0.00047997846578619346,
        -0.0007446814972151108,
        0.0012004685533774488,
        0.001163139494499663,
        -0.0008212126597237949,
        0.003647463921193251,
        -0.0007798386445490523
    ],
    "std": [
        0.36965437463988776,
        0.3594033887679451,
        0.36242608692815537,
        0.3538306947778614,
        0.34989789865370285,
        0.3556215127307665,
        0.34867480686600394,
        0.3586377785701701,
        0.34681576258389385,
        0.3437551844909055,
        0.3481382499882256,
        0.34195550939093133,
        0.3526843970200746,
        0.3427733437476239,
        0.34602521323257485
    ]
}